Africa/Addis_Ababa,Africa/Nairobi
Africa/Asmara,Africa/Nairobi
Africa/Bamako,Africa/Abidjan
Africa/Bangui,Africa/Lagos
Africa/Banjul,Africa/Abidjan
Africa/Blantyre,Africa/Maputo
Africa/Brazzaville,Africa/Lagos
Africa/Bujumbura,Africa/Maputo
Africa/Conakry,Africa/Abidjan
Africa/Dakar,Africa/Abidjan
Africa/Dar_es_Salaam,Africa/Nairobi
Africa/Djibouti,Africa/Nairobi
Africa/Douala,Africa/Lagos
Africa/Freetown,Africa/Abidjan
Africa/Gaborone,Africa/Maputo
Africa/Harare,Africa/Maputo
Africa/Kampala,Africa/Nairobi
Africa/Kigali,Africa/Maputo
Africa/Kinshasa,Africa/Lagos
Africa/Libreville,Africa/Lagos
Africa/Lome,Africa/Abidjan
Africa/Luanda,Africa/Lagos
Africa/Lubumbashi,Africa/Maputo
Africa/Lusaka,Africa/Maputo
Africa/Malabo,Africa/Lagos
Africa/Maseru,Africa/Johannesburg
Africa/Mbabane,Africa/Johannesburg
Africa/Mogadishu,Africa/Nairobi
Africa/Niamey,Africa/Lagos
Africa/Nouakchott,Africa/Abidjan
Africa/Ouagadougou,Africa/Abidjan
Africa/Porto-Novo,Africa/Lagos
America/Anguilla,America/Port_of_Spain
America/Antigua,America/Port_of_Spain
America/Aruba,America/Curacao
America/Cayman,America/Panama
America/Dominica,America/Port_of_Spain
America/Grenada,America/Port_of_Spain
America/Guadeloupe,America/Port_of_Spain
America/Kralendijk,America/Curacao
America/Lower_Princes,America/Curacao
America/Marigot,America/Port_of_Spain
America/Montserrat,America/Port_of_Spain
America/St_Barthelemy,America/Port_of_Spain
America/St_Kitts,America/Port_of_Spain
America/St_Lucia,America/Port_of_Spain
America/St_Thomas,America/Port_of_Spain
America/St_Vincent,America/Port_of_Spain
America/Tortola,America/Port_of_Spain
Antarctica/McMurdo,Pacific/Auckland
Arctic/Longyearbyen,Europe/Oslo
Asia/Aden,Asia/Riyadh
Asia/Bahrain,Asia/Qatar
Asia/Istanbul,Europe/Istanbul
Asia/Kuwait,Asia/Riyadh
Asia/Muscat,Asia/Dubai
Asia/Phnom_Penh,Asia/Bangkok
Asia/Vientiane,Asia/Bangkok
Atlantic/St_Helena,Africa/Abidjan
Etc/GMT+0,Etc/GMT
Etc/GMT-0,Etc/GMT
Etc/GMT0,Etc/GMT
Europe/Bratislava,Europe/Prague
Europe/Busingen,Europe/Zurich
Europe/Guernsey,Europe/London
Europe/Isle_of_Man,Europe/London
Europe/Jersey,Europe/London
Europe/Ljubljana,Europe/Belgrade
Europe/Mariehamn,Europe/Helsinki
Europe/Nicosia,Asia/Nicosia
Europe/Podgorica,Europe/Belgrade
Europe/San_Marino,Europe/Rome
Europe/Sarajevo,Europe/Belgrade
Europe/Skopje,Europe/Belgrade
Europe/Vaduz,Europe/Zurich
Europe/Vatican,Europe/Rome
Europe/Zagreb,Europe/Belgrade
GMT,Etc/GMT
Indian/Antananarivo,Africa/Nairobi
Indian/Comoro,Africa/Nairobi
Indian/Mayotte,Africa/Nairobi
Pacific/Midway,Pacific/Pago_Pago
Pacific/Saipan,Pacific/Guam
UTC,Etc/UTC
